Banana,Fruit,Peel,Yellow,Smoothie,Slip
Scooter,Kick,Motor,Wheels,Vespa,Ride
Bubble Gum,Chew,Pink,Blow,Sugar,Bubble
Guitar,Music,Strings,Acoustic,Strum,Fender
Campfire,Wilderness,Marshmallows,Heat,Smoke,Bonfire
Fireworks,July 4th,Explode,Sparkle,Celebrate,Rocket
Snowman,Winter,Carrot,Cold,Frosty,Melt
Beehive,Honey,Bees,Sting,Comb,Buzz
Superhero,Cape,Powers,Marvel,Villain,Superman
Puzzle,Jigsaw,Solve,Picture,Pieces,Confusion
Flamingo,Pink,Bird,Lawn,Wading,Florida
Seashell,Beach,Sand,Ocean,Spiral,Conch
Magic Wand,Spell,Wizard,Wave,Fairy,Enchant
Karaoke,Sing,Lyrics,Music,Microphone,Bar
Sombrero,Hat,Mexico,Festive,Mariachi,Wide Brim
Garden Gnome,Statue,Lawn,Whimsical,Pointed Hat,Decor
Wind Chime,Breeze,Musical,Metallic,Calming,Tubes
Kaleidoscope,Colors,Patterns,Geometric,Prism,Tube
Finger Paint,Art,Kids,Messy,Bright,Canvas
Sprinkler,Lawn,Water,Summer,Spinning,Refreshing
Maracas,Music,Shaking,Latin,Rhythm,Wooden
Hopscotch,Chalk,Playground,Jumping,Squares,Game
Bubbles,Blowing,Iridescent,Wand,Float,Soap
Jump Rope,Playground,Rhymes,Double Dutch,Skip,Cardio
Etch A Sketch,Drawing,Knobs,Shake,Retro Toy,Aluminum Powder
Frisbee,Catch,Disc,Flying,Park,Recreation
Dragon,Fire,Mythical,Scaly,Wings,Treasure
Tea Cup,Drink,Saucer,Porcelain,Handle,China
Gingerbread,Christmas,Cookie,Frosting,Decorations,Spices
Dominoes,Tiles,Chain,Topple,Game,Strategy
Treasure Chest,Pirate,Gold,Jewels,Valuable,Hidden
Tic Tac Toe,Game,Board,X,O,Strategy
Swimming Pool,Water,Summer,Swim,Diving,Lifeguard
Handcuffs,Police,Arrest,Jail,Restraints,Metal
Sandcastle,Beach,Bucket,Shovel,Moat,Towers
Feather,Bird,Light,Tickle,Quill,Plume
Lollipop,Candy,Sucker,Swirl,Sweet,Cherry
UFO,Aliens,Flying Saucer,Outer Space,Conspiracy,Visitors
Tug of War,Rope,Teams,Pulling,Strength,Competition
Piggy Bank,Savings,Coins,Pink,Ceramic,Money
Picnic Basket,Outdoor Meal,Gingham Blanket,Ants,Wicker,Sandwiches
Kite,Wind,String,Flying,Breezy Day,Diamond Shape
Fire Truck,Emergency,Red,Engine,Siren,Firefighter
Dart Board,Bullseye,Target,Throwing,Feathers,Game
Compass,North,Navigation,Needle,Hiking,Direction
Slinky,Toy,Metal,Walk,Coil,Gravity
Life Vest,Water Safety,Float,Boating,Orange,Rescue
Starfish,Ocean,Sea Star,Invertebrate,Arms,Tan
Pyramid,Egypt,Tomb,Anicient,Pharaoh,Giza
Tooth Fairy,Teeth,Money,Pillow,Magical,Imaginative
Igloo,Ice,Arctic,Eskimo,Snow,Shelter
Tricycle,Three Wheels,Kids,Balance,Pedal,Playground
Lemonade Stand,Kids,Summer,Refreshing,Drink,Business
Daisy,Flower,Petals,Yellow,Spring,Nature
Dreamcatcher,Native American,Feathers,Hoop,Nightmares,Weave
Safari,Africa,Animals,Adventure,Jeep,Binoculars
Snow Angel,Winter Fun,Imprint,Arms,Legs,Cold
Teepee,Native American,Tent,Campsite,Tribal,Pointed Top
Lightning Bug,Firefly,Glow,Blinking,Night,Jar
Curling Iron,Hair,Waves,Heat,Styling,Barrel
Ketchup,Tomato,Condiment,Fries,Bottle,Squirt
Toothbrush,Teeth,Dentist,Bristles,Mint,Floss
Roller Coaster,Amusement Park,Thrill,Loops,Scream,Speed
Grill,Barbecue,Summer,Charcoal,Hamburgers,Cookout
Hammock,Relax,Swing,Outdoor,Nap,Peaceful
Seesaw,Playground,Up,Down,Teeter,Balance
Pac-Man,Video Game,Ghosts,Maze,Waka Waka,Arcade
Telephone,Call,Dial,Ring,Talk,Communication
Surfboard,Beach,Waves,Ocean,Surf,Balance
Snow Globe,Shake,Winter Scene,Souvenir,Glass,Flakes
Thumbtack,Push Pin,Bulletin Board,Poke,Thumb,Cork
Paddle,Boat,Canoe,Row,Oar,River
Race Car,Fast,Engine,Racing,Checkered Flag,Vroom
Iguana,Lizard,Green,Scales,Tropical,Pet
Conga Line,Dance,Snaking,Rhythm,Party,Line
Baseball Mitt,Glove,Catch,Leather,Diamond,Infield
Sleeping Bag,Camping,Insulation,Night,Roll Up,Zipper
Yoyo,Toy,String,Spin,Wooden,Up and Down
Ninja,Stealth,Shadow,Martial Arts,Black,Japan
Globe,World,Earth,Countries,Atlas,Geography
Cuckoo Clock,Bird,Pendulum,Chime,Antique,Hourly
Lipstick,Makeup,Red,Pucker,Lips,Rouge
Pinball,Arcade,Silver Ball,Machine,Bumpers,Tilt
Rubber Ducky,Bath,Squeaky,Toy,Waterfowl,Yellow
Rain Boots,Splash,Puddles,Galoshes,Rubber,Wet
Video Camera,Film,Record,Digital,Shoot,Memory Card
Sunbathing,Beach,Tanning,Rays,Lotion,Warmth
Snorkeling,Mask,Ocean,Underwater,Flipper,Breathe
Paddleball,Paddle,Ball,Bounce,Tether,Rubber
Disco Ball,Dance,Mirror,Spinning,Party,Reflective
Kaleidoscope,Colors,Patterns,Geometric,Prism,Tube
Crab,Ocean,Pinchers,Sideways,Scuttle,Shell
Pogo Stick,Jump,Toy,Bounce,Spring,Hopping
Piano,Keys,Music,Ivory,Tune,Beethoven
Horseshoes,Toss,Stake,Ringer,Outdoor,Farm
Turtle,Shell,Slow,Green,Tank,Reptile
Dominoes,Tiles,Chain,Topple,Game,Strategy
Goldfish,Bowl,Fish,Orange,Cracker,Pet
Unicycle,One Wheel,Circus,Balance,Trick,Pedal
Rocking Chair,Knitting,Porch,Grandparent,Creaky,Sway
Rain Barrel,Water,Collection,Barrel,Storm,Recycle
Acorn,Oak Tree,Squirrel,Seed,Cap,Nature
Merry-Go-Round,Carnival,Horse,Circle,Music,Spinning
Hopscotch,Chalk,Playground,Jumping,Squares,Game
Bubbles,Blowing,Iridescent,Wand,Float,Soap
Jump Rope,Playground,Rhymes,Double Dutch,Skip,Cardio
Etch A Sketch,Drawing,Knobs,Shake,Retro Toy,Aluminum Powder
Frisbee,Catch,Disc,Flying,Park,Recreation
Tea Party,Dolls,China,Pretend,Fancy,Crumpets
Cotton Candy,Sugary,Pink,Fluffy,Sticky,Carnival
Mouse Trap,Cheese,Snap,Rodent,Bait,Spring
Twister,Game,Spinner,Dots,Limbs,Tangle
Jack-in-the-Box,Pop,Surprise,Crank,Toy,Clown
Ant Farm,Insects,Tunnel,Colony,Glass,Observation
Mystery Novel,Detective,Clues,Suspense,Murder,Whodunit
Tutu,Ballet,Tulle,Dance,Ballerina,Pink
Snowcone,Shaved Ice,Syrup,Flavors,Summer,Treat
Whale Watch,Ocean,Vessel,Blow,Splash,Mammals
Limbo,Flexibility,Pole,Under,Party,Caribbean
Bowling Ball,Pins,Alley,Roll,Finger Holes,Strike
Tug Boat,Barge,Harbor,Pull,River,Boat
Owl,Night,Hoot,Wise,Feathers,Nocturnal
Harmonica,Music,Blues,Breathe,Pocket,Reeds
Gumball Machine,Candy,Quarter,Glass Globe,Vending,Dispense
Popcorn,Butter,Movies,Kernel,Salty,Microwave
Pi√±ata,Party,Candy,Donkey,Colorful,Swing and Break
Tightrope,Balance,Circus,Dangerous,Skill,Walking a Line
Jump Rope,Playground,Rhymes,Double Dutch,Skip,Cardio
Paddling Pool,Splash,Summer,Kiddie,Shallow,Backyard
Picnic Blanket,Outdoor,Checkered,Ants,Basket,Grass
Tire Swing,Tree,Playground,Spin,Rope,Squeak
Biplane,Airplane,Vintage,Propellers,Red Baron,Wing Walkers
Television,Channels,Remote,Screen,Cable,Broadcasts
Tug of War,Rope,Teams,Pulling,Strength,Competition
Slinky,Toy,Metal,Walk,Coil,Gravity
Alarm Clock,Wake Up,Snooze,Morning,Ring,Bedside
Skateboard,Grind,Ollie,Wheels,Ramp,Park
Snowboard,Winter,Ski,Slope,Powder,Freestyle
Dart Board,Bullseye,Throwing,Target,Feathers,Game
Hacky Sack,Footbag,Juggling,Kicks,Circle,Beanbag
Jigsaw Puzzle,Pieces,Picture,Fit,Solution,Interlocking
Trombone,Instrument,Brass,Slide,Tunes,Band
Flippers,Swimming,Scuba,Diving,Underwater,Propel
Juggling,Circus,Balls,Toss,Catch,Entertainment
Karate,Martial Arts,Chop,Punch,Kick,Discipline
Cheerleading,Pom Poms,Routine,Cheer,Stunts,Squad
Magic Trick,Illusion,Vanish,Sleight of Hand,Presto,Wizard
Rabbit's Foot,Lucky,Charm,Fluffy,Bunny,Superstition
Dice,Gamble,Dots,Shake,Roll,Casino
Kaleidoscope,Colors,Patterns,Geometric,Prism,Tube
Walkie Talkie,Communication,Radio,Signal,Talk,Battery
Fortune Cookie,Prediction,Chinese,Luck,Paper,Cracking
Hula Hoop,Swivel,Twirl,Waist,Hips,Plastic
Compass,North,Direction,Needle,Navigate,Hike
Horseshoe,Throw,Luck,Ringer,Backyard,Stake
Chess,Strategy,King,Queen,Board,Checkmate
Blimp,Airship,Float,Advertising,Soar,Roam
Music Box,Tune,Ballerina,Crank,Tinkling,Twirl
Kaleidoscope,Colors,Patterns,Geometric,Prism,Tube
Seesaw,Playground,Up,Down,Teeter,Balance
Laser Tag,Vest,Gun,Aim,Infrared,Arena
Puppet,Strings,Theater,Stage,Marionette,Voice
Triangle,Shape,Three Sides,Music,Angles,Geometry
Scrapbook,Memories,Photos,Stickers,Journal,Crafting
Ski Lift,Chair,Mountain,Cable,Snow,Up
Fortune Teller,Predict,Crystal Ball,Future,Mystic,Palm Reading
Birdhouse,Nest,Feeder,Perch,Avian,Nesting
Kite,Wind,String,Diamond,Fly,Breezy Day
Lava Lamp,Light,Blob,Psychedelic,Mood Lighting,Groovy
Beachball,Inflate,Summer,Sand,Throw,Bounce
Frisbee,Catch,Disc,Flying,Park,Recreation
Xylophone,Musical Instrument,Wooden,Mallet,Notes,Percussion
Bug Jar,Fireflies,Ventilated,Capture,Glass,Lightning Bugs
Popsicle,Frozen,Drip,Stick,Fruity,Summer Treat
Kaleidoscope,Colors,Patterns,Geometric,Prism,Tube
Dominoes,Tiles,Chain,Topple,Game,Strategy
Hovercraft,Float,Cushion,Air,Levitate,Travel
Telescope,Stars,Lens,Orbit,Astronomy,Celestial
Planetarium,Solar System,Dome,Cosmos,Orbit,Galaxy
Cartwheel,Gymnastics,Rotation,Circles,Acrobatics,Tumbling
Pom Poms,Cheerleading,Shaking,Fuzzy,Colorful,Spirit
Remote Control,Batteries,Television,Channels,Easy Chair,Couch Potato
Rubik's Cube,Puzzle,Twist,Colors,Solution,Brain Teaser
Rickshaw,Transportation,Pull,Passenger,Wheels,Driver
Vacuum,Suction,Dust,Sweep,Carpet,Cleaner
Castle,Kingdom,Tower,Moat,Royalty,Fortress
Top Hat,Tuxedo,Formal,Fancy,Magician,High Society
Lightsaber,Star Wars,Laser Sword,Jedi,Duel,Weapon
Handcuffs,Police,Arrest,Jail,Restraints,Metal
Paddle Ball,Paddle,Ball,Bounce,Tether,Game
Lasso,Rope,Cowboy,Wrangle,Rodeo,Loop
Sandals,Flip Flops,Beach,Summer,Toes,Thong
Kaleidoscope,Colors,Patterns,Geometric,Prism,Tube
Dominoes,Tiles,Chain,Topple,Game,Strategy
Baseball Cap,Team,Sports,Brim,Casual,Logo
Bunny Ears,Easter,Rabbit,Fluffy,Costume,Hop
Fire Hydrant,Emergency,Dog,Water,Hose,Red
Wind Chimes,Breeze,Musical,Metallic,Calming,Tubes
Zipline,Adventure,Soar,Harness,Forest,Cable
Pez Dispenser,Candy,Character,Spring,Flip Top,Collectible
Mitten,Winter,Warm,Hand Cover,Knit,Wool
Stained Glass,Church,Colors,Pattern,Mosaic,Lamp
Pretzel,Knot,Salt,Snack,Soft,Dough
Laser Pointer,Dot,Beam,Laser,Presentation,Spotlight
Disco Ball,Dance,Mirror,Reflective,Spinning,Party
Bicycle Pump,Inflate,Tires,Valve,Air,Floor Pump
Roller Blades,Wheels,Exercise,Skates,Balance,In-Line
Hula Hoop,Swivel,Waist,Twirl,Movement,Plastic
Disco Ball,Dance,Mirror,Spinning,Party,Reflective
Magnifying Glass,Enlarge,Reading,Burn,Investigate,Lens
Surfboard,Ocean,Waves,Beach,Surf,Balance
Wind Chimes,Breeze,Musical,Metallic,Calming,Tubes
Zipline,Adventure,Soar,Harness,Forest,Cable
Tug of War,Rope,Teams,Pulling,Strength,Competition
Sundial,Time,Shadow,Outdoors,Sunny,Ancient
Knitting Needles,Yarn,Sweater,Stitch,Hobby,Click Clack
Bowling Pin,Strike,Alley,Topple,Fall,Set
Butterfly Net,Chase,Capture,Insects,Mesh,Handle
Kite,Wind,String,Diamond,Flying,Breezy Day
Birdhouse,Nest,Feeder,Perch,Avian,Nesting
Face Paint,Colors,Clowns,Costumes,Parties,Designs
Kaleidoscope,Colors,Patterns,Geometric,Prism,Tube
Lawn Mower,Grass,Engine,Blades,Yard,Cut
Disco Ball,Dance,Mirror,Spinning,Party,Reflective
Garden Rake,Leaves,Yard Work,Tines,Pile,Fall
Slot Machine,Casino,Coins,Jackpot,Spin,Gamble
Watering Can,Plants,Gardening,Sprinkling,Metal,Hydrate
Night Light,Glow,Bedroom,Dark,Comforting,Kids
Ribbon Dancer,Rhythmic,Flow,Waving,Graceful,Colors
Tie Dye,Spiral,Hippie,Groovy,Rainbow,T-Shirt
Hacky Sack,Footbag,Kick,Circle,Juggling,Balance
Disco Ball,Dance,Mirror,Spinning,Party,Reflective
Abacus,Counting,Beads,Ancient,Math,Calculation
Fortune Cookie,Prediction,Chinese,Lucky Numbers,Paper,Wisdom
Nutcracker,Christmas,Soldier,Nuts,Ballet,Wooden
Hoverboard,Float,Future,Gravity,Wheels,Levitation
Water Balloon,Summer,Splash,Burst,Throwing,Drench
Birdhouse,Nest,Feeder,Perch,Avian,Nesting
Microphone,Singing,Amplify,Recording,Stand,Announce
Disco Ball,Dance,Mirror,Spinning,Party,Reflective
Rose Bush,Flowers,Thorns,Petals,Garden,Fragrant
Tassels,Fringe,Decoration,Hanging,Drapes,Fluffy
Disco Ball,Dance,Mirror,Spinning,Party,Reflective
Drum Set,Percussion,Beat,Sticks,Cymbals,Rock
Boomerang,Return,Throw,Curved,Australia,Hunting
Metronome,Music,Rhythm,Ticking,Pendulum,Tempo
Disco Ball,Dance,Mirror,Spinning,Party,Reflective
Tea Set,China,Cups,Saucers,Elegance,Porcelain
Cash Register,Money,Cha-Ching,Bills,Coins,Purchase
Disco Ball,Dance,Mirror,Spinning,Party,Reflective
Maracas,Rhythm,Shaking,Music,Salsa,Latin
Kaleidoscope,Colors,Patterns,Geometric,Prism,Tube
Disco Ball,Dance,Mirror,Spinning,Party,Reflective
Vacuum,Suction,Dust,Carpet,Cleaner,Canister
Plunger,Toilet,Unclog,Rubber,Plumber,Force
Hammer,Nail,Tool,Wooden,Construction,Bang
Broom,Sweep,Bristles,Floor,Cleaning,Witch
Rake,Leaves,Yard,Tines,Fall,Gather
Ladder,Climb,Steps,Tall,Paint,Extension
Screwdriver,Flat,Phillips,Tool,Twist,Fix
Clothesline,Dry,Pins,Laundry,Rope,Outdoor
Rake,Leaves,Yard,Tines,Fall,Gather
Pliers,Grip,Tool,Metal,Clamp,Adjust
Level,Straight,Balance,Bubble,Construction,Tool
Duct Tape,Sticky,Fix,Silver,Repairs,Strong
Doormat,Welcome,Entrance,Foot Wipe,Outdoor,Floor
Mousetrap,Cheese,Catch,Snap,Rodent,Bait
Vacuum,Suction,Dust,Carpet,Cleaner,Canister
Toilet Brush,Clean,Bowl,Scrub,Bristles,Porcelain
Garden Hose,Water,Spray,Green,Lawn,Outdoor
Flashlight,Batteries,Beam,Dark,Light,Emergency
Curtain Rod,Window,Hang,Drapes,Decor,Poles
Fly Swatter,Bug,Zap,Pest,Annoyance,Swat
Door Knob,Handle,Open,Turn,Entrance,Metal
Clothespin,Hang,Laundry,Clip,Wooden,Outdoor
Drain Stopper,Sink,Plug,Tub,Rubber,Overflow
Fireplace Poker,Stoke,Wood,Logs,Fire,Metal
Vacuum,Suction,Dust,Carpet,Cleaner,Canister
Shower Curtain,Bathroom,Privacy,Waterproof,Plastic,Pattern
Dish Scrubber,Sponge,Clean,Bristles,Sink,Pots
Pitcher,Water,Glass,Pour,Beverage,Plastic
Towel Rack,Hang,Bathroom,Dry,Bar,Towels
Candle Holder,Wax,Tealight,Ambiance,Decorative,Glass
Crockpot,Slow Cooker,Warm,Meal,Stew,Ceramic
Ironing Board,Wrinkles,Iron,Covers,Clothing,Steam
Newspaper Rack,News,Newspapers,Mail,Metal,Porch
Magazine Rack,Storage,Organize,Reading,Wood,Living Room
Extension Cord,Electricity,Outlets,Reach,Power,Long
Vacuum,Suction,Dust,Carpet,Cleaner,Canister
Radiator,Heat,Winter,Warm,Steam,Metal
Throw Pillow,Couch,Accent,Decorative,Plush,Soft
Wall Mirror,Reflect,Hang,Decorative,Room,Frame
Bath Mat,Bathroom,Slip,Dry,Floor,Plush
Paper Shredder,Security,Destroy,Documents,Office,Strips
Lamp Shade,Light,Diffuse,Decor,Fabric,Cover
Blender,Mix,Smoothie,Puree,Kitchen,Blades
Power Drill,Construction,Holes,Cordless,Screws,Tool
Step Stool,Reach,Climb,Short,Kitchen,Kids
Vacuum,Suction,Dust,Carpet,Cleaner,Canister
Napkin Ring,Holder,Table,Silverware,Linen,Round
Window Fan,Cooling,Air,Summer,Breeze,Oscillating
Litter Box,Cat,Scoop,Odor,Clean,Clumping
Hand Mixer,Bake,Whip,Beaters,Kitchen,Electric
Curtain Tie Back,Hold,Open,Decorative,Drapes,Cords
Picture Frame,Photo,Hang,Wall,Decor,Glass
Laundry Basket,Clothes,Hamper,Carry,Sort,Wicker
Dust Pan,Sweep,Clean,Brush,Floor,Dirt
Can Opener,Gadget,Cans,Kitchen,Metal,Blade
Vacuum,Suction,Dust,Carpet,Cleaner,Canister
Fire Extinguisher,Emergency,Safety,Flames,Red,Douse
Shower Caddy,Organize,Shampoo,Hang,Bathroom,Shelves
Tortilla Warmer,Mexican,Cloth,Cover,Keeper,Heating
TV Tray,Fold,Eat,Table,Portable,Small
Plant Stand,Decor,Display,Holder,Shelf,Indoor
China Cabinet,Display,Hutch,Dishes,Glass,Shelves
Air Purifier,Filter,Clean,Freshen,Allergy,Air
Pitcher,Water,Glass,Pour,Beverage,Plastic
Dehumidifier,Damp,Moisture,Basement,Dry,Machine
Vacuum,Suction,Dust,Carpet,Cleaner,Canister
Giraffe,Tall,Neck,Spots,Safari,Herbivore
Shark,Jaws,Ocean,Fins,Teeth,Predator
Koala,Australia,Eucalyptus,Marsupial,Fuzzy,Sleepy
Turtle,Shell,Slow,Green,Tank,Reptile
Panda,Black,White,Bamboo,China,Bear
Flamingo,Pink,Bird,Lawn,Wading,Florida
Raccoon,Mask,Bandit,Trash,Night,Ringtail
Elephant,Trunk,Tusks,Large,Safari,Herd
Monkey,Banana,Chimp,Swing,Tree,Primate
Bee,Honey,Sting,Hive,Buzz,Pollen
Penguin,Waddle,Antarctica,Tuxedo,Flightless,Huddle
Sloth,Slow,Tree,Lazy,Hang,Furry
Zebra,Stripes,Black,White,Safari,Equine
Kangaroo,Pouch,Hop,Australia,Marsupial,Boxing
Caterpillar,Fuzzy,Metamorphosis,Inchworm,Cocoon,Butterfly
Peacock,Feathers,Tail,Colorful,Bird,Proud
Alligator,Swamp,Scales,Teeth,Reptile,Chomp
Dolphin,Intelligent,Flipper,Ocean,Mammal,Friendly
Tiger,Stripes,Orange,Wild,Prowl,Feline
Frog,Hop,Green,Pond,Amphibian,Ribbit
Butterfly,Flutter,Wings,Colorful,Antennae,Metamorphosis
Alpaca,Fluffy,Wool,Peru,Spit,Llama
Barn Owl,Silent,Flight,Night,Rodent,Hunter
Cheetah,Fastest,Spots,Sprint,Feline,Hunter
Sea Lion,Ocean,Whiskered,Beach,Intelligent,Playful
Chameleon,Color Change,Camouflage,Tree,Tongue,Lizard
Jellyfish,Sting,Float,Ocean,Tentacles,Bioluminescent
Otter,Playful,Fur,River,Slide,Aquatic
Walrus,Tusks,Arctic,Whiskered,Blubbery,Marine
Eagle,Soar,Talons,Nest,Bald,Majestic
Hedgehog,Spines,Ball,Snout,Cute,Insectivore
Scorpion,Sting,Arachnid,Pincer,Desert,Poisonous
Ladybug,Spots,Luck,Wings,Garden,Beetle
Tarantula,Hairy,Fangs,Spider,Creepy,Giant
Seahorse,Ocean,Camouflage,Miniature,Mate For Life,Pouch
Skunk,Smelly,Spray,Stripes,Tail,Woodland
Manatee,Gentle,Sea Cow,Herbivore,Florida,Endangered
Cricket,Chirp,Insect,Bat,Ball,Wickets
Swan,Graceful,White,Lake,Feathers,Ballet
Dragonfly,Wings,Iridescent,Air,Quick,Prehistoric
Moose,Antlers,Large,North America,Browse,Herbivore
Toucan,Beak,Tropical,Colorful,Rainforest,Bird
Horse,Mane,Hooves,Saddle,Ranch,Equine
Ferret,Playful,Weasel,Tunnel,Furry,Pet
Rhinoceros,Horn,Tank,Thick Skin,Endangered,Gray
Coyote,Howl,Wild Dog,Desert,Scout,Trickster
Caribou,Antlers,Reindeer,Arctic,Migration,Herd
Platypus,Bill,Eggs,Venom,Australia,Odd
Squirrel,Nuts,Bushy Tail,Chattering,Tree,Chipmunk
Loon,Lake,Call,Black and White,Bird,Swimming
Python,Squeeze,Snake,Coil,Pattern,Scaled
Prairie Dog,Burrow,Barking,Colony,Cute,Rodent
Armadillo,Shell,Banded,Nocturnal,Anteater,Insect
Catfish,Whiskers,Bottom Feeder,Fresh Water,Sting,Muddy
Roadrunner,Fast,Desert,Bird,Coyote,Beep Beep
Firefly,Glow,Night,Blink,Jar,Summer
Pelican,Beak,Pouch,Waddle,Seashore,Bill
Bullfrog,Green,Loud,Swamp,Croak,Amphibian
Jackalope,Antlers,Rabbit,Myth,Southwest,Desert
Narwhal,Tusk,Arctic,Whale,Horn,Unicorn
Orangutan,Red,Swing,Jungle,Intelligent,Primate
Building,House,Home,Structure,Residence,Dwelling
Park,Playground,Green Space,Trees,Swing Set,Grass
Beach,Sand,Ocean,Waves,Seashore,Coastline
City,Metropolis,Urban,Downtown,Buildings,Skyscrapers
Countryside,Rural,Farmland,Fields,Open Space,Pastoral
Airport,Terminal,Runway,Jet,Luggage,Departures
Casino,Gambling,Slots,Jackpot,Vegas,Roulette
Stadium,Arena,Bleachers,Field,Scoreboard,Athletics
Museum,Exhibit,Art,History,Gallery,Educational
Restaurant,Diner,Menu,Waiter,Chef,Cuisine
Hotel,Motel,Lobby,Check-In,Overnight,Accommodations
Store,Shop,Retail,Merchandise,Purchase,Mall
Office,Cubicle,Paperwork,Workplace,Desk,Company
Gym,Exercise,Weights,Fitness,Treadmill,Aerobics
Library,Books,Quiet,Reading,Borrow,Research
Hospital,Clinic,Doctor,Nurse,Emergency,Treatment
Bank,Money,Transactions,Teller,Vault,ATM
Theater,Movies,Actors,Auditorium,Projection,Popcorn
Amusement Park,Rides,Roller Coaster,Ferris Wheel,Carnival,Fun
Campground,Camping,Tent,Outdoors,Wilderness,Fire Pit
Ski Resort,Slopes,Skis,Snow,Chairlift,Chalet
Zoo,Animals,Exhibits,Wildlife,Cages,Safari
Aquarium,Fish,Marine Life,Underwater,Tanks,Coral
Airport,Terminal,Runway,Jet,Luggage,Departures
Train Station,Platform,Rails,Locomotive,Schedule,Commute
Bus Stop,Public Transit,Shelter,Route,Schedule,Bench
Gas Station,Fuel,Pump,Convenience Store,Road Trip,Auto Repair
Hardware Store,Tools,Supplies,Home Improvement,Lumber,Workshop
Grocery Store,Market,Food,Aisles,Checkout,Produce
Mall,Shopping,Stores,Food Court,Crowds,Parking Lot
Concert Hall,Music,Performance,Stage,Audience,Acoustics
Laundromat,Washing Machine,Dryer,Detergent,Folding,Quarters
Barbershop,Haircut,Shave,Clippers,Scissors,Grooming
Bookstore,Literature,Browse,Novels,Stacks,Bestsellers
Post Office,Mail,Stamps,Shipping,Letters,Package
Pharmacy,Drugs,Medicine,Prescriptions,Health,Vitamins
Dentist Office,Teeth,Cleaning,Drill,Examination,X-Rays
Bowling Alley,Pins,Strikes,Balls,Gutters,Snack Bar
Golf Course,Links,Clubs,Greens,Fairway,Hole
Spa,Massage,Facial,Relaxation,Pampering,Retreat
Nail Salon,Manicure,Pedicure,Polish,Cuticles,Buffing
Skating Rink,Ice Skates,Hockey,Figure Skating,Zamboni,Winter
Swimming Pool,Swim,Dive,Lap,Lifeguard,Chlorine
Lighthouse,Beacon,Coast,Ocean,Navigation,Maritime
Airport,Terminal,Runway,Jet,Luggage,Departures
Parking Garage,Levels,Spaces,Payment,Exit,Valet
Drive-In,Movies,Cars,Speakers,Snack Bar,Outdoor
Observation Deck,View,Skyscraper,City,Binoculars,Overlook
Convention Center,Conferences,Exhibitions,Booths,Events,Gatherings
Race Track,Cars,Finish Line,Laps,Checkered Flag,Winners
Water Park,Slides,Wave Pool,Splashing,Tubes,Summer
Skating Rink,Ice Skates,Hockey,Figure Skating,Zamboni,Winter
Airport,Terminal,Runway,Jet,Luggage,Departures
Greenhouse,Plants,Flowers,Vegetables,Gardening,Glass
College Campus,University,Classes,Students,Quad,Dormitory
Cemetery,Graveyard,Tombstones,Burial,Mourning,Final Rest
Military Base,Army,Navy,Soldiers,Training,Barracks
Antique Shop,Vintage,Collectibles,Thrifting,Trinkets,Treasures
Desert,Sand,Dunes,Cactus,Arid,Parched
Airport,Terminal,Runway,Jet,Luggage,Departures
Meadow,Flowers,Grass,Pastoral,Field,Open
Mine,Coal,Minerals,Underground,Tunnels,Excavation
Rainforest,Jungle,Tropics,Canopy,Exotic,Humid
Waterfall,Cascade,River,Nature,Mist,Roar
Outerspace,Galaxy,Planets,Stars,Weightless,Cosmic
Mountain,Peak,Climbing,Snow,Altitude,Ranges
Canyon,Ravine,Gorge,Cliffs,Carved,Deep
Fortress,Castle,Medieval,Moat,Turrets,Drawbridge
Cabin,Rustic,Fireplace,Woods,Log,Cozy
Garden,Plants,Flowers,Vegetables,Shovel,Harvest
Fair,Cotton Candy,Carnival,Rides,Games,Prizes
Interstate,Highway,Roadtrip,Lanes,Exit,Mile Markers
Den,Animal,Lair,Burrow,Hideaway,Cave
Path,Trail,Hike,Footsteps,Winding,Outdoors
Movie Set,Film,Cameras,Lights,Action,Scene
Church,Steeple,Pews,Hymns,Worship,Religious
River,Stream,Current,Winding,Banks,Fish
Swamp,Bog,Bayou,Marsh,Murky,Moss
Junkyard,Scrapyard,Refuse,Metal,Recycling,Heap
Reef,Coral,Tropical,Underwater,Exotic,Snorkeling
Harbor,Ships,Docks,Marina,Sailboats,Anchors 
Subway,Underground,Tunnel,Train,Platform,Transportation
Ranch,Cattle,Horses,Farmland,Cowboy,Rustic
Iceberg,Frozen,Arctic,Glacial,Tip,Bulk
Diner,Cafe,Breakfast,Counter,Stools,Retro
Lake,Water,Shore,Fishing,Serenity,Reflection
Forest,Trees,Woodland,Hike,Nature,Wilderness
Bedroom,Bed,Sleep,Privacy,Slumber,Intimate
Fire Station,Truck,Siren,Emergency,Firefighters,Alarm
Skyscraper,Tower,Tall,City,Glass,Observation Deck
Vineyard,Grapes,Winery,Countryside,Vines,Soil
Island,Tropical,Remote,Ocean,Paradise,Shores
Temple,Religious,Ancient,Worship,Silence,Shrine
Factory,Manufacturing,Industrial,Workers,Assembly,Production
Capitol,Government,Politics,Landmark,Legislation,District
Farmhouse,Rustic,Countryside,Barn,Crops,Cozy
Oasis,Water,Palm Trees,Desert,Lush,Refuge
Train Yard,Locomotives,Rails,Freight,Industrial,Cargo
Igloo,Ice,Arctic,Shelter,Indigenous,Round
Castle,Royalty,Medieval,Kingdom,Moat,Towers
School,Education,Students,Classrooms,Hallways,Lockers
Kitchen,Oven,Cooking,Utensils,Fridge,Appliances
Alley,Narrow,Passage,Urban,Dumpsters,Graffiti
Airport,Terminal,Runway,Jet,Luggage,Departures
Stables,Horses,Hay,Barn,Tack,Equestrian
Guitar,Strings,Pluck,Frets,Acoustic,Strum
Piano,Keys,Ivory,Bench,Upright,Grand
Drums,Cymbals,Beat,Rhythm,Percussion,Snare
Saxophone,Jazz,Brass,Woodwind,Reed,Smooth
Violin,Bow,Strings,Concerto,Classical,Fiddle
Microphone,Amplify,Vocals,Recording,On-Air,PA System
Headphones,Audio,Sound,Listen,Noise-Canceling,Volume
Turntable,Vinyl,Records,Spin,DJ,Scratching
Boombox,Portable,Radio,Cassette,Speakers,Vintage
Tambourine,Jingle,Shake,Rhythm,Percussion,Rattle
Trumpet,Brass,Fanfare,Marching Band,Bugle,Toot
Synthesizer,Electronic,Keys,Oscillator,Knobs,Futuristic
Electric Guitar,Amplifier,Rock,Distortion,Shredding,Fender
Conductor,Orchestra,Baton,Lead,Tempo,Score
Harmonica,Blues,Mouth Harp,Exhale,Inhale,Pocket
Trombone,Slide,Marching Band,Brass,Low Notes,Blare
Speaker,Amplify,Boom,Bass,Treble,Sound System
Banjo,Bluegrass,Pluck,Twang,Country,Frets
Flute,Woodwind,Breath,Melody,Holes,Silver
Cello,Bass,Strings,Classical,Bow,Deep
Gong,Percussion,Resonant,Strike,Cymbal,Crash
Opera,Vocals,Soprano,Tenor,Aria,Theater
Drum Kit,Cymbals,Kick Drum,Sticks,Pedal,Rock
Xylophone,Mallet,Keys,Percussion,Wooden,Metallic
Choir,Vocal,Harmony,Ensemble,Concert,Unison
Ukulele,Strings,Pluck,Hawaiian,Tiny Guitar,Tropical
Bass Guitar,Low Notes,Groove,Thump,Strings,Amplifier
Maraca,Rattle,Shaker,Latin,Rhythm,Percussion
Didgeridoo,Aboriginal,Buzzing,Drone,Australian,Wooden
Sitar,Indian,Strings,Intricate,Exotic,Classical
Steel Drum,Caribbean,Calypso,Pan,Dented,Tropical
Oboe,Woodwind,Double Reed,Classical,Piercing,Orchestra
Bugle,Brass,Military,Calls,Cavalry,Fanfare
Accordion,Squeeze Box,Bellows,Polka,Button Keys,Portable
Metronome,Rhythm,Tempo,Pulse,Beat,Tick-Tock
Cowbell,Clang,Percussion,Rhythm,Hand-Held,Iconic
Bassoon,Woodwind,Double Reed,Deep,Baroque,Orchestra
Glockenspiel,Mallet,Bells,Metallic,Pitched,Percussion
Music Box,Tinkling,Tune,Cylinder,Twirl,Childhood
CD,Compact Disc,Optical,Digital,Portable,Shiny
Castanets,Percussion,Snap,Click,Rhythmic,Spanish
Music Stand,Sheet Music,Hold,Adjustable,Folding,Orchestra
Tin Whistle,Woodwind,Fipple Flute,Simple,Breathy,Irish
Theremin,Electronic,Oscillator,Hands,Eerie,Sci-Fi
DJ Mixer,Crossfade,EQ,Turntables,Scratching,Blending
Air Guitar,Imaginary,Headbanging,Rock On,Mime,Stage
Triangle,Ding,Percussion,Metallic,Strike,Simple
Kazoo,Hum,Vibrate,Plastic,Silly,Children
Harmonica,Blues,Mouth Harp,Exhale,Inhale,Pocket
Tuning Fork,Calibration,Pitched,Standard,Tone,Reference
Car,Wheels,Engine,Drive,Steering Wheel,Vehicle
Truck,Cargo,Hauling,Pickup,Towing,Flatbed
Bike,Pedals,Two Wheels,Gears,Spokes,Handlebars
Train,Rails,Locomotive,Boxcar,Transit,Freight
Plane,Flight,Wings,Airport,Turbine,Jet
Bus,Public Transit,Seats,Fare,Route,Commute
Motorcycle,Chopper,Engine,Helmet,Biker,Two Wheels
Boat,Sail,Water,Oars,Life Vest,Hull
Taxi,Cab,Fare,Meter,Yellow,Rideshare
Scooter,Two Wheels,Motor,Kick Start,Handlebar,Zip
Ship,Cargo,Tanker,Port,Vessel,Anchor
Canoe,Paddle,River,Aluminum,Camping,Portage
Trolley,Cable Car,Track,Bell,Tourist,San Francisco
Hot Air Balloon,Basket,Burner,Float,Wicker,Festival
Pedicab,Pedals,Rickshaw,Passenger,Bicycle,Driver
Horse,Saddle,Stable,Cowboy,Ranch,Trail Ride
Limousine,Luxury,Chauffeur,Stretch,Tinted Windows,Formal
Rickshaw,Passenger,Runner,Urban Transport,Traditional,Wheels
Cruise Ship,Vacation,Floating Resort,Waterslides,Port,Luxury
Subway,Metro,Underground,Station,Rail,Tunnel
Semi-Truck,18-Wheeler,Trailer,Freight,Diesel,Rig
Rocket,Space,Fuel,Launch,Blast Off,NASA
Gondola,Venice,Canal,Pole,Romantic,Traditional
Ferry,Harbor,Boat,Transport,River,Island
Sailboat,Yacht,Mast,Wind,Regatta,Race
Sled,Snow,Winter,Glide,Toboggan,Downhill
Helicopter,Chopper,Blades,Airlift,Whirring,Hover
Forklift,Warehouse,Lift,Tines,Pallet,Industrial
Skis,Slopes,Downhill,Powder,Bunny Hill,Wax
Taxi,Cab,Fare,Meter,Yellow,Rideshare
Skateboard,Wheels,Tricks,Grind,Ramps,Parks
Kayak,Paddle,Rapids,River,Sea,Adventure
Horse-Drawn Carriage,Romantic,Tourist,Central Park,Trot,Hansom
Golf Cart,Course,Club,Resort,Electric,Putting
Hot Rod,Muscle Car,Vintage,Custom,Drag Racing,Flames
Unicycle,Circus,Balance,Pedal,One Wheel,Performer
Tram,Cable,Trolley,Line,Mountain,Tourist
Rickshaw,Passenger,Runner,Urban Transport,Traditional,Wheels
Long Board,Skateboard,Surf Style,Cruising,Carving,Smooth
Row Boat,Oars,Lake,Water,Wooden,Peaceful
Ambulance,Emergency,Siren,Hospital,Rescue,Stretcher
Monorail,Single Rail,Elevated,Theme Park,Disney,Mass Transit
Jet Ski,Water,Speed,Waves,Lake,Aquatic
Snowmobile,Tracks,Winter,Powder,Mountain,Headlight
Four-Wheeler,ATV,Off-Road,Trails,Adventure,Rugged
Pogo Stick,Hop,Jump,Bounce,Retro,Toy
Moped,Motor,Motorbike,City,Fuel Efficient,Two Wheels
Dog Sled,Musher,Dogs,Snow,Husky,Alaskan
Bobsled,Ice,Luge,Winter Sports,Olympic,Race
Camper Van,Road Trip,Travel,Kitchen,Bedroom,Self-Contained
Segway,Gyroscopic,Balanced,Personal Transport,Touring,Futuristic
Paddleboat,Water,Pedal,Outdoor,Recreation,Paddle Wheel
Rickshaw,Passenger,Runner,Urban Transport,Traditional,Wheels
Surfboard,Waves,Ocean,Balance,Hanging Ten,Sport
Baseball,Bat,Ball,Bases,Glove,Diamond
Basketball,Court,Dribble,Hoop,Layup,Backboard
Football,Touchdown,Field,Quarterback,Tackle,Pigskin
Soccer,Goal,Pitch,Kick,Cleats,Head Butt
Tennis,Racket,Ball,Court,Net,Ace
Golf,Club,Green,Tee Box,Hole,Putter
Hockey,Puck,Ice Rink,Stick,Skates,Slap Shot
Volleyball,Net,Spike,Beach,Libero,Rally
Boxing,Ring,Gloves,Jab,Uppercut,Knockout
Surfing,Wave,Board,Surf Break,Longboard,Hang Ten
Skiing,Slopes,Downhill,Moguls,Black Diamond,Chalet
Snowboarding,Half-Pipe,Jumps,Grind,Bunny Slope,Lift
Swimming,Lap,Freestyle,Backstroke,Pool,Kickboard
Track & Field,Sprint,Hurdles,Relay,Pole Vault,Long Jump
Weightlifting,Squat,Bench Press,Barbell,Snatch,Gym
Wrestling,Mat,Takedown,Pin,Grapple,Headlock
Cycling,Bike,Pedal,Road,Mountain,Peloton
Horse Racing,Jockey,Track,Triple Crown,Whip,Thoroughbred
Gymnastics,Parallel Bars,Vault,Beam,Leotard,Mat
Lacrosse,Stick,Helmet,Cradle,Scoop,Net
Rugby,Pitch,Try,Scrum,Lineout,Union
Cricket,Wickets,Bails,Overs,Batsman,Seam
Archery,Bow,Arrow,Quiver,Bullseye,Target
Fencing,Epee,Foil,Lunge,Parry,Strip
Rowing,Oars,Scull,Crew,Coxswain,Boathouse
Badminton,Racket,Shuttlecock,Rally,Overhead,Birdie
Sailing,Yacht,Boom,Sails,Tack,Wind
Ultimate Frisbee,Disc,Handler,Cutter,End Zone,Spirit
Racquetball,Rally,Serve,Lob,Court,Glasses
Squash,Racket,Court,Boast,Acepro,Eyeball
Bowling,Pins,Strike,Spare,Alley,Ball
Climbing,Rock Wall,Belay,Carabiner,Crag,Boulder
Curling,Stone,Broom,Ice,Skip,Sheets
Triathlon,Swim,Cycle,Run,Ironman,Transition
Paintball,Gun,Bunker,Goggles,Capture,Marker
Figure Skating,Ice,Spins,Jumps,Routine,Program
Water Polo,Pool,Tread,Pass,Goal,Sprint
Fishing,Rod,Reel,Lure,Catch,Fly
Table Tennis,Ping Pong,Net,Paddle,Spin,Rally
Dodgeball,Rubber,Target,Catch,Court,Sting
Cheerleading,Stunts,Pyramids,Chants,Pom Poms,Spirit
Bocce,Balls,Court,Pallino,Frame,Roll
Shuffleboard,Cues,Weights,Discs,Court,Shuffle
Kayaking,Paddle,Rapids,River,White Water,Safety
Hang Gliding,Wings,Glide,Launch,Altitude,Thermals
Zorbing,Plastic Orb,Roll,Hill,Inflatable,Hamster Ball
Rock Climbing,Wall,Holds,Belaying,Carabiners,Rope
Horseshoes,Stake,Ringer,Pit,Post,Throw
Disc Golf,Frisbee,Tee Box,Basket,Chains,Par
BMX,Bike,Pegs,Vert Ramp,Grind,Spines
Skateboarding,Ollie,Grind,Kick Flip,Park,Street
Wakeboarding,Boat,Wake,Tow Rope,Bindings,Air
Teacher,Classroom,Students,Chalkboard,Lesson Plan,Apple
Doctor,Stethoscope,Hospital,Patients,Scrubs,Medicine
Lawyer,Court,Briefcase,Suit,Law,Objection
Firefighter,Fire Truck,Hose,Rescue,Helmet,Dalmatian
Police Officer,Patrol,Badge,Handcuffs,Squad Car,Law Enforcement
Chef,Apron,Kitchen,Knives,Recipes,Cuisine
Scientist,Lab,Microscope,Experiment,Hypothesis,Goggles
Electrician,Wire,Screwdriver,Outlet,Fuse Box,Voltage
Plumber,Wrench,Pipes,Drain,Leaks,Plunger
Mechanic,Garage,Tools,Engine,Oil Change,Repair
Hairstylist,Salon,Scissors,Shampoo,Blow Dryer,Cut
Cashier,Register,Money,Scanner,Checkout,Groceries
Pilot,Airplane,Cockpit,Altitude,Runway,Flight
Baker,Oven,Flour,Dough,Icing,Cake
Accountant,Calculator,Spreadsheet,Tax,Audit,Numbers
Dentist,Teeth,Drill,X-Rays,Floss,Hygienist
Carpenter,Hammer,Nails,Wood,Blueprint,Construction
Artist,Paint,Brush,Canvas,Palette,Gallery
Musician,Instrument,Band,Concert,Melody,Notes
Journalist,News,Article,Interview,Press,Deadline
Author,Book,Novel,Pen,Manuscript,Publisher
Waiter,Restaurant,Menu,Order,Tips,Apron
Bartender,Cocktails,Shaker,Wine,Beers,Pub
Barber,Clippers,Shave,Straight Razor,Barbershop,Trim
Photographer,Camera,Photos,Lens,Studio,Portrait
Tailor,Fabric,Sewing,Measurements,Needle,Alterations
Miner,Coal,Hard Hat,Pickaxe,Shaft,Tunnel
Florist,Flowers,Bouquet,Vase,Roses,Arrangements
Architect,Blueprints,Design,CAD,Drafting,Buildings
Farmer,Tractor,Crops,Barn,Livestock,Produce
Veterinarian,Pets,Animals,Stethoscope,Clinic,Vaccines
Janitor,Mop,Broom,Vacuum,Cleaning,Maintenance
Actor,Theater,Stage,Rehearsal,Script,Spotlight
Lifeguard,Pool,Whistle,CPR,Rescue,Safety
Seamstress,Sewing Machine,Fabric,Needle,Thread,Alterations
Taxi Driver,Cab,Fare,Route,Meter,Navigation
Artist,Paint,Brush,Canvas,Palette,Gallery
Musician,Instrument,Band,Concert,Melody,Notes
Interpreter,Languages,Translation,Culture,Bilingual,Conference
Marine Biologist,Ocean,Aquatic Life,Research,Conservation,Scuba
Astronaut,Spacecraft,NASA,Outer Space,Orbit,Spacewalk
Truck Driver,Semi,Rig,Haul,Shipment,Diesel
Lumberjack,Axe,Forest,Trees,Flannel,Plaid
Nurse,Injection,Scrubs,IV,Bedpan,Vitals
Contractor,Construction,Blueprints,Power Tools,Foreman,Hardhat
Stockbroker,Stock Market,Trading,Portfolio,Investments,Profits
Executive,Boss,Boardroom,Company,Suit,Corporate  
Dishwasher,Kitchen,Dishes,Apron,Sink,Cleaning
Custodian,Broom,Mop,Trash,Floors,Maintenance  
Fitness Trainer,Gym,Weights,Cardio,Exercise,Nutrition
Designer,Fashion,Creativity,Sketches,Runway,Style
Programmer,Coding,Computer,Software,Developer,Debugging
Librarian,Books,Shh,Shelves,Research,Library Card
Host,Restaurant,Reservation,Table,Greeting,Seating
Jeweler,Diamonds,Gems,Gold,Rings,Necklaces
Mason,Bricks,Mortar,Trowel,Construction,Concrete
Wizard,Sorcerer,Mage,Magic User,Conjurer
Black Hole,Singularity,Gravity Well,Event Horizon,Infinite Density,Spacetime Distortion
Spacecraft,Rocket,Capsule,Module,Launch Vehicle,Booster
Astronaut,Space Traveler,Cosmonaut,Taikonaut,Orbital Crew,Extravehicular Activity
Satellite,Artificial Moon,Space Probe,Orbiter,Communication Relay,Earth Observer
Meteor,Shooting Star,Dust Trail,Space Rock,Comet Debris,Fireball
Space Shuttle,Orbiter Vehicle,Thermal Tiles,Main Engines,Payload Bay,Heat Shield
Moon,Lunar,Regolith,Craters,Low Gravity,Cheese
Mars,Red Planet,Olympus Mons,Dust Storms,Rovers,Extraterrestrial
Stars,Celestial Objects,Luminous Spheres,Fusion Reactors,Milky Way,Constellations
Aliens,Extraterrestrials,Space Creatures,Martians,UFOs,Little Green Men
Nebula,Stellar Nursery,Interstellar Clouds,Stardust,Cosmic Formations,Carina
Asteroid,Space Rock,Minor Planet,Planetoid,Belt,Crater Maker
Telescope,Astronomical Observatory,Light Collector,Stargazing,Lens,Hubble
Milky Way,Galactic Home,Spiral Arms,Stellar Graveyard,Interstellar Medium,Star City
Orbit,Elliptical Path,Escape Velocity,Gravitational Pull,Kepler's Laws,Planets
NASA,Space Agency,Astronaut Corps,Mission Control,Launches,Cape Canaveral
Exoplanet,Extrasolar World,Alien World,Gas Giant,Super-Earth,Habitable Zone
Solar System,Sun's Kingdom,Planetary Neighborhood,Terrestrial Planets,Asteroid Belt,Kuiper Belt
Galaxy,Galactic Home,Star System,Spiral Arms,Andromeda,Cosmic Web
Big Bang,Cosmic Expansion,Primordial Fireball,Singularity,Universal Origin,First Light
Space Station,Orbital Outpost,Microgravity,Life Support,Docking Port,Columbus
Supernova,Exploding Star,Cataclysmic Blast,Stellar Corpse,Gas Cloud,Heavy Elements
Comet,Cosmic Snowball,Icy Body,Dust Tail,Elliptical Orbit,Oort Cloud
Solar Wind,Charged Particles,Coronal Mass Ejections,Magnetic Field,High Energy,Auroras
Mars Rover,Robotic Explorer,Martian Wheels,Sample Collection,Autonomous Navigation,Jezero Crater
Nebula,Stellar Nursery,Interstellar Clouds,Stardust,Cosmic Formations,Carina
Eclipse,Shadow Play,Lunar Transit,Day Into Night,Celestial Alignment,Totality
Apollo Program,Lunar Missions,Moon Landing,Saturn V,Low Earth Orbit,Eagle has Landed
